{"MSE": 2.4531359513257023, "_timestamp": 1686072134.154301, "_runtime": 25.302791833877563, "_step": 0, "_wandb": {"runtime": 24}}