{"MSE": 2.453983836538874, "_timestamp": 1686071770.3781965, "_runtime": 22.417957544326782, "_step": 0, "_wandb": {"runtime": 324}}