{"MSE": 2.4531359513257023, "_timestamp": 1686072221.3806276, "_runtime": 25.41942572593689, "_step": 0, "_wandb": {"runtime": 25}}