{"MSE": 2.474300218693265, "_timestamp": 1686072182.4472492, "_runtime": 9.080505132675171, "_step": 0, "_wandb": {"runtime": 8}}