{"MSE": 2.453983836538874, "_timestamp": 1686071804.5208938, "_runtime": 25.542609930038452, "_step": 0, "_wandb": {"runtime": 293}}