{"MSE": 2.453983836538874, "_timestamp": 1686071732.9193764, "_runtime": 23.452365398406982, "_step": 0, "_wandb": {"runtime": 362}}