{"MSE": 2.5393656611757107, "_timestamp": 1686072158.8687098, "_runtime": 6.28788685798645, "_step": 0, "_wandb": {"runtime": 5}}