{"MSE": 2.4607046807733934, "_timestamp": 1686072089.427476, "_runtime": 13.073554039001465, "_step": 0, "_wandb": {"runtime": 13}}